{"cameraMode":{"drawMode":0,"name":"Shaded","section":"Shading Mode"},"sceneLighting":false,"audioPlay":false,"sceneViewState":{"showFog":true,"showMaterialUpdate":false,"showSkybox":false,"showFlares":true,"showImageEffects":true,"showParticleSystems":true},"in2DMode":false,"pivot":{"x":11.662629127502442,"y":-6.093783378601074,"z":-4.654670715332031},"rotation":{"x":-0.06873920559883118,"y":-0.9116142988204956,"z":0.1704198569059372,"w":-0.367701917886734},"size":24.61946678161621,"orthographic":false}